{"cameraMode":{"drawMode":0,"name":"Shaded","section":"Shading Mode"},"sceneLighting":false,"audioPlay":false,"sceneViewState":{"m_AlwaysRefresh":false,"showFog":true,"showSkybox":false,"showFlares":true,"showImageEffects":true,"showParticleSystems":true,"showVisualEffectGraphs":true,"m_FxEnabled":true},"in2DMode":false,"pivot":{"x":0.30417007207870486,"y":0.4605187475681305,"z":-0.29349470138549807},"rotation":{"x":0.008398538455367089,"y":0.976139485836029,"z":-0.213583841919899,"w":0.03838307783007622},"size":1.1275171041488648,"orthographic":false}