{"cameraMode":{"drawMode":0,"name":"Shaded","section":"Shading Mode"},"sceneLighting":false,"audioPlay":false,"sceneViewState":{"m_AlwaysRefresh":false,"showFog":true,"showSkybox":false,"showFlares":true,"showImageEffects":true,"showParticleSystems":true,"showVisualEffectGraphs":true,"m_FxEnabled":true},"in2DMode":false,"pivot":{"x":-0.0013158023357391358,"y":-0.05452107638120651,"z":0.027848362922668458},"rotation":{"x":-0.125254288315773,"y":0.8555065989494324,"z":-0.24397744238376618,"w":-0.4392051100730896},"size":0.37025296688079836,"orthographic":false}